Path;SteerAngle;Throttle;Brake;Speed;X_Position;Y_Position;Pitch;Yaw;Roll
/home/alex/projects/RoboND-Rover-Project/dataset/IMG/robocam_2017_05_30_09_59_58_428.jpg;0;0;1;0;99.73503;85.66581;0.00752635;49.82795;-1.102027E-06
/home/alex/projects/RoboND-Rover-Project/dataset/IMG/robocam_2017_05_30_09_59_58_490.jpg;0;0;0;0;99.73504;85.66582;0.008347832;49.82796;-2.465855E-07
/home/alex/projects/RoboND-Rover-Project/dataset/IMG/robocam_2017_05_30_09_59_58_557.jpg;0;0;0;0;99.73505;85.66582;0.009108644;49.82796;5.819668E-07
/home/alex/projects/RoboND-Rover-Project/dataset/IMG/robocam_2017_05_30_09_59_58_623.jpg;0;0;0;0;99.73505;85.66582;0.009434534;49.82796;1.231677E-06
/home/alex/projects/RoboND-Rover-Project/dataset/IMG/robocam_2017_05_30_09_59_58_690.jpg;0;0;0;0;99.73505;85.66583;0.009559987;49.82796;1.538502E-06
/home/alex/projects/RoboND-Rover-Project/dataset/IMG/robocam_2017_05_30_09_59_58_756.jpg;0;0;0;0;99.73505;85.66583;0.009437304;49.82796;2.358091E-06
/home/alex/projects/RoboND-Rover-Project/dataset/IMG/robocam_2017_05_30_09_59_58_823.jpg;0;0;0;0;99.73505;85.66582;0.009147263;49.82796;2.488784E-06
/home/alex/projects/RoboND-Rover-Project/dataset/IMG/robocam_2017_05_30_09_59_58_890.jpg;0;0;0;0;99.73505;85.66582;0.008707298;49.82796;2.73787E-06
/home/alex/projects/RoboND-Rover-Project/dataset/IMG/robocam_2017_05_30_09_59_58_956.jpg;0;0;0;0;99.73504;85.66581;0.007920836;49.82796;2.756422E-06
/home/alex/projects/RoboND-Rover-Project/dataset/IMG/robocam_2017_05_30_09_59_59_023.jpg;0;0;0;0;99.73503;85.6658;0.00720781;49.82796;2.697432E-06
/home/alex/projects/RoboND-Rover-Project/dataset/IMG/robocam_2017_05_30_09_59_59_090.jpg;0;0;0;0;99.73502;85.66579;0.006412512;49.82795;2.326408E-06
/home/alex/projects/RoboND-Rover-Project/dataset/IMG/robocam_2017_05_30_09_59_59_156.jpg;0;0;0;0;99.73501;85.66579;0.005261008;49.82794;1.867526E-06
/home/alex/projects/RoboND-Rover-Project/dataset/IMG/robocam_2017_05_30_09_59_59_223.jpg;0;0;0;0;99.73499;85.66581;0.004356195;49.82793;1.732977E-06
/home/alex/projects/RoboND-Rover-Project/dataset/IMG/robocam_2017_05_30_09_59_59_290.jpg;0;0;0;0;99.73499;85.66582;0.003438008;49.82793;1.820209E-06
/home/alex/projects/RoboND-Rover-Project/dataset/IMG/robocam_2017_05_30_09_59_59_357.jpg;0;0;0;0;99.73497;85.66583;0.002224847;49.82792;1.54168E-06
/home/alex/projects/RoboND-Rover-Project/dataset/IMG/robocam_2017_05_30_09_59_59_423.jpg;0;0;0;0;99.73496;85.66584;0.001345219;49.82792;1.524797E-06
/home/alex/projects/RoboND-Rover-Project/dataset/IMG/robocam_2017_05_30_09_59_59_490.jpg;0;0;0;0;99.73495;85.66584;0.0005081889;49.8279;1.23341E-06
/home/alex/projects/RoboND-Rover-Project/dataset/IMG/robocam_2017_05_30_09_59_59_557.jpg;0;0;0;0;99.73494;85.66582;-0.0005191311;49.8279;1.128772E-06
/home/alex/projects/RoboND-Rover-Project/dataset/IMG/robocam_2017_05_30_09_59_59_623.jpg;0;0;0;0;99.73493;85.66582;-0.0012096;49.82789;9.090364E-07
/home/alex/projects/RoboND-Rover-Project/dataset/IMG/robocam_2017_05_30_09_59_59_690.jpg;0;0;0;0;99.73492;85.66581;-0.001822138;49.8279;4.37413E-07
/home/alex/projects/RoboND-Rover-Project/dataset/IMG/robocam_2017_05_30_09_59_59_757.jpg;0;0.100335;0;0;99.73482;85.66568;359.9937;49.82759;-4.546094E-07
/home/alex/projects/RoboND-Rover-Project/dataset/IMG/robocam_2017_05_30_09_59_59_823.jpg;0;0.3009331;0;0;99.7351;85.66602;0.0022048;49.81942;5.567663E-06
/home/alex/projects/RoboND-Rover-Project/dataset/IMG/robocam_2017_05_30_09_59_59_890.jpg;0;0.500487;0;0.0313819;99.73726;85.66856;0.07445706;49.75799;6.687621E-05
/home/alex/projects/RoboND-Rover-Project/dataset/IMG/robocam_2017_05_30_09_59_59_957.jpg;0;0.700482;0;0.05346272;99.74228;85.67451;0.231685;49.77301;0.0001911802
/home/alex/projects/RoboND-Rover-Project/dataset/IMG/robocam_2017_05_30_10_00_00_023.jpg;0;0.9004081;0;0.08803298;99.74877;85.68218;0.4262612;49.71034;0.0007566644
/home/alex/projects/RoboND-Rover-Project/dataset/IMG/robocam_2017_05_30_10_00_00_090.jpg;0;1;0;0.141281;99.757;85.69199;0.6338652;49.69701;-0.0001053007
/home/alex/projects/RoboND-Rover-Project/dataset/IMG/robocam_2017_05_30_10_00_00_157.jpg;0;1;0;0.209503;99.77189;85.70962;0.9666948;49.65407;0.001121564
/home/alex/projects/RoboND-Rover-Project/dataset/IMG/robocam_2017_05_30_10_00_00_223.jpg;0;1;0;0.2526918;99.78519;85.7254;1.21839;49.75201;0.0001188882
/home/alex/projects/RoboND-Rover-Project/dataset/IMG/robocam_2017_05_30_10_00_00_290.jpg;0;1;0;0.310681;99.79816;85.7411;1.316975;49.68996;0.003686207
/home/alex/projects/RoboND-Rover-Project/dataset/IMG/robocam_2017_05_30_10_00_00_357.jpg;0;1;0;0.3776073;99.81662;85.7631;1.177959;49.80307;-0.0004072294
/home/alex/projects/RoboND-Rover-Project/dataset/IMG/robocam_2017_05_30_10_00_00_423.jpg;0;1;0;0.4325784;99.83348;85.78319;1.129366;49.93913;-0.0008103085
/home/alex/projects/RoboND-Rover-Project/dataset/IMG/robocam_2017_05_30_10_00_00_490.jpg;0;1;0;0.5018817;99.85264;85.80608;1.133681;49.94482;0.0001315336
/home/alex/projects/RoboND-Rover-Project/dataset/IMG/robocam_2017_05_30_10_00_00_557.jpg;0;1;0;0.5427927;99.88171;85.84091;1.205362;49.99401;-0.0002279013
/home/alex/projects/RoboND-Rover-Project/dataset/IMG/robocam_2017_05_30_10_00_00_623.jpg;0;1;0;0.5974833;99.90582;85.8698;1.251948;49.9384;0.002987426
/home/alex/projects/RoboND-Rover-Project/dataset/IMG/robocam_2017_05_30_10_00_00_690.jpg;3.009058;1;0;0.6507813;99.93012;85.89962;1.210402;49.85545;0.0007023054
/home/alex/projects/RoboND-Rover-Project/dataset/IMG/robocam_2017_05_30_10_00_00_757.jpg;6.000702;1;0;0.70882;99.96478;85.94414;1.181574;50.15352;-0.0006993626
/home/alex/projects/RoboND-Rover-Project/dataset/IMG/robocam_2017_05_30_10_00_00_823.jpg;9.001078;1;0;0.7580932;99.99267;85.98186;1.205548;50.63719;-0.002787361
/home/alex/projects/RoboND-Rover-Project/dataset/IMG/robocam_2017_05_30_10_00_00_890.jpg;12.00082;1;0;0.8274558;100.0212;86.02271;1.219267;51.31443;-0.003734718
/home/alex/projects/RoboND-Rover-Project/dataset/IMG/robocam_2017_05_30_10_00_00_957.jpg;15;1;0;0.8656282;100.0592;86.08172;1.202986;52.58011;-0.004461203
/home/alex/projects/RoboND-Rover-Project/dataset/IMG/robocam_2017_05_30_10_00_01_023.jpg;15;1;0;0.9176128;100.0881;86.12946;1.190534;53.60202;0.003779618
/home/alex/projects/RoboND-Rover-Project/dataset/IMG/robocam_2017_05_30_10_00_01_090.jpg;15;1;0;0.9787842;100.1179;86.18038;1.203017;54.65818;0.01334073
/home/alex/projects/RoboND-Rover-Project/dataset/IMG/robocam_2017_05_30_10_00_01_157.jpg;15;1;0;1.022508;100.1581;86.25256;1.203463;56.09743;0.01993246
/home/alex/projects/RoboND-Rover-Project/dataset/IMG/robocam_2017_05_30_10_00_01_223.jpg;15;1;0;1.066813;100.1886;86.3101;1.203765;57.27485;0.02063389
/home/alex/projects/RoboND-Rover-Project/dataset/IMG/robocam_2017_05_30_10_00_01_290.jpg;13.50312;1;0;1.132508;100.2195;86.37084;1.208955;58.43004;0.0175173
/home/alex/projects/RoboND-Rover-Project/dataset/IMG/robocam_2017_05_30_10_00_01_357.jpg;10.50162;1;0;1.182655;100.2626;86.45612;1.218318;59.72497;-0.005044595
/home/alex/projects/RoboND-Rover-Project/dataset/IMG/robocam_2017_05_30_10_00_01_423.jpg;7.501244;1;0;1.233859;100.2963;86.52335;1.233472;60.49254;-0.004142723
/home/alex/projects/RoboND-Rover-Project/dataset/IMG/robocam_2017_05_30_10_00_01_490.jpg;4.501724;1;0;1.294264;100.3313;86.59274;1.234235;61.06747;-0.002986499
/home/alex/projects/RoboND-Rover-Project/dataset/IMG/robocam_2017_05_30_10_00_01_557.jpg;1.501754;1;0;1.343556;100.3812;86.6889;1.241707;61.47212;-0.0007359122
/home/alex/projects/RoboND-Rover-Project/dataset/IMG/robocam_2017_05_30_10_00_01_623.jpg;0;1;0;1.390972;100.421;86.76346;1.24456;61.53798;0.0005819039
/home/alex/projects/RoboND-Rover-Project/dataset/IMG/robocam_2017_05_30_10_00_01_690.jpg;0;1;0;1.453757;100.4623;86.84041;1.246296;61.55777;0.0008805824
/home/alex/projects/RoboND-Rover-Project/dataset/IMG/robocam_2017_05_30_10_00_01_757.jpg;0;1;0;1.500813;100.5194;86.94689;1.250979;61.57115;0.0009898662
/home/alex/projects/RoboND-Rover-Project/dataset/IMG/robocam_2017_05_30_10_00_01_823.jpg;0;1;0;1.548578;100.5638;87.02971;1.256887;61.5841;0.001010337
/home/alex/projects/RoboND-Rover-Project/dataset/IMG/robocam_2017_05_30_10_00_01_890.jpg;0;1;0;1.610395;100.6095;87.11497;1.261998;61.59646;0.001005616
/home/alex/projects/RoboND-Rover-Project/dataset/IMG/robocam_2017_05_30_10_00_01_957.jpg;0;1;0;1.655792;100.6724;87.23245;1.267936;61.61088;0.001035614
/home/alex/projects/RoboND-Rover-Project/dataset/IMG/robocam_2017_05_30_10_00_02_024.jpg;0;1;0;1.701819;100.7211;87.32336;1.269163;61.6209;0.001041539
/home/alex/projects/RoboND-Rover-Project/dataset/IMG/robocam_2017_05_30_10_00_02_090.jpg;0;1;0;1.763038;100.7711;87.41679;1.274361;61.63217;0.001058354
/home/alex/projects/RoboND-Rover-Project/dataset/IMG/robocam_2017_05_30_10_00_02_157.jpg;0;1;0;1.808655;100.8397;87.54507;1.278522;61.64636;0.001065214
/home/alex/projects/RoboND-Rover-Project/dataset/IMG/robocam_2017_05_30_10_00_02_223.jpg;0;1;0;1.85495;100.8926;87.64415;1.284538;61.65689;0.001123235
/home/alex/projects/RoboND-Rover-Project/dataset/IMG/robocam_2017_05_30_10_00_02_290.jpg;0;1;0;1.914692;100.9468;87.74561;1.287662;61.66873;0.001109946
/home/alex/projects/RoboND-Rover-Project/dataset/IMG/robocam_2017_05_30_10_00_02_357.jpg;0;1;0;1.960366;101.0211;87.88466;1.295692;61.68371;0.001143469
/home/alex/projects/RoboND-Rover-Project/dataset/IMG/robocam_2017_05_30_10_00_02_423.jpg;0;1;0;2.004807;101.0782;87.99168;1.296881;61.69535;0.001149314
/home/alex/projects/RoboND-Rover-Project/dataset/IMG/robocam_2017_05_30_10_00_02_490.jpg;0;1;0;2.064986;101.1365;88.10114;1.302674;61.70525;0.00120616
/home/alex/projects/RoboND-Rover-Project/dataset/IMG/robocam_2017_05_30_10_00_02_557.jpg;0;1;0;2.109638;101.2163;88.25071;1.30551;61.72081;0.001190523
/home/alex/projects/RoboND-Rover-Project/dataset/IMG/robocam_2017_05_30_10_00_02_623.jpg;0;1;0;2.154136;101.2775;88.3657;1.31083;61.73267;0.001241071
/home/alex/projects/RoboND-Rover-Project/dataset/IMG/robocam_2017_05_30_10_00_02_690.jpg;0;1;0;2.213149;101.34;88.48296;1.311416;61.7437;0.001231171
/home/alex/projects/RoboND-Rover-Project/dataset/IMG/robocam_2017_05_30_10_00_02_757.jpg;0;1;0;2.257019;101.4251;88.64304;1.317255;61.75749;0.001266428
/home/alex/projects/RoboND-Rover-Project/dataset/IMG/robocam_2017_05_30_10_00_02_824.jpg;0;1;0;2.301058;101.4904;88.76581;1.319823;61.7703;0.001276063
/home/alex/projects/RoboND-Rover-Project/dataset/IMG/robocam_2017_05_30_10_00_02_890.jpg;0;1;0;2.359153;101.557;88.89096;1.326191;61.78161;0.001309853
/home/alex/projects/RoboND-Rover-Project/dataset/IMG/robocam_2017_05_30_10_00_02_956.jpg;0;1;0;2.402871;101.6475;89.06129;1.325488;61.79698;0.001300298
/home/alex/projects/RoboND-Rover-Project/dataset/IMG/robocam_2017_05_30_10_00_03_023.jpg;0;1;0;2.446126;101.7168;89.19182;1.329443;61.80865;0.001326188
/home/alex/projects/RoboND-Rover-Project/dataset/IMG/robocam_2017_05_30_10_00_03_089.jpg;0;1;0;2.50359;101.7873;89.32467;1.335574;61.82001;0.001352505
/home/alex/projects/RoboND-Rover-Project/dataset/IMG/robocam_2017_05_30_10_00_03_156.jpg;-2.989574;1;0;2.546361;101.8844;89.50454;1.339578;61.56749;0.003071836
/home/alex/projects/RoboND-Rover-Project/dataset/IMG/robocam_2017_05_30_10_00_03_222.jpg;-5.988646;1;0;2.588674;101.9612;89.64038;1.330359;60.98182;359.993
/home/alex/projects/RoboND-Rover-Project/dataset/IMG/robocam_2017_05_30_10_00_03_289.jpg;-8.989649;1;0;2.642862;102.0424;89.77619;1.305275;60.01949;359.9482
/home/alex/projects/RoboND-Rover-Project/dataset/IMG/robocam_2017_05_30_10_00_03_356.jpg;-11.99642;1;0;2.681638;102.1581;89.95526;1.196928;58.10014;359.8432
/home/alex/projects/RoboND-Rover-Project/dataset/IMG/robocam_2017_05_30_10_00_03_423.jpg;-14.99594;1;0;2.719612;102.2515;90.08668;1.044335;56.20021;359.7151
/home/alex/projects/RoboND-Rover-Project/dataset/IMG/robocam_2017_05_30_10_00_03_489.jpg;-15;1;0;2.768852;102.3508;90.2154;0.8429548;54.10514;359.5408
/home/alex/projects/RoboND-Rover-Project/dataset/IMG/robocam_2017_05_30_10_00_03_556.jpg;-15;1;0;2.8067;102.4915;90.38318;0.5153219;51.2664;359.2643
/home/alex/projects/RoboND-Rover-Project/dataset/IMG/robocam_2017_05_30_10_00_03_623.jpg;-15;1;0;2.843246;102.6034;90.50581;0.2346057;49.13612;359.0284
/home/alex/projects/RoboND-Rover-Project/dataset/IMG/robocam_2017_05_30_10_00_03_689.jpg;-15;1;0;2.89092;102.7206;90.62567;359.9337;47.0369;358.7868
/home/alex/projects/RoboND-Rover-Project/dataset/IMG/robocam_2017_05_30_10_00_03_756.jpg;-15;1;0;2.916951;102.886;90.78776;359.8627;44.57307;358.6963
/home/alex/projects/RoboND-Rover-Project/dataset/IMG/robocam_2017_05_30_10_00_03_823.jpg;-15;1;0;2.942447;103.0188;90.90847;0.02897839;42.64404;358.7619
/home/alex/projects/RoboND-Rover-Project/dataset/IMG/robocam_2017_05_30_10_00_03_889.jpg;-12.00822;1;0;2.994845;103.1553;91.02484;0.04477018;40.63279;358.9154
/home/alex/projects/RoboND-Rover-Project/dataset/IMG/robocam_2017_05_30_10_00_03_956.jpg;-9.008339;1;0;3.043553;103.3478;91.17401;0.06105641;38.42414;358.9912
/home/alex/projects/RoboND-Rover-Project/dataset/IMG/robocam_2017_05_30_10_00_04_023.jpg;-6.007291;1;0;3.08393;103.4974;91.2851;0.1099226;37.22628;359.0161
/home/alex/projects/RoboND-Rover-Project/dataset/IMG/robocam_2017_05_30_10_00_04_089.jpg;-3.00525;1;0;3.137876;103.6501;91.3968;0.1783258;36.40785;359.0631
/home/alex/projects/RoboND-Rover-Project/dataset/IMG/robocam_2017_05_30_10_00_04_156.jpg;-0.003525317;1;0;3.177971;103.8573;91.5484;0.29522;35.96402;359.1997
/home/alex/projects/RoboND-Rover-Project/dataset/IMG/robocam_2017_05_30_10_00_04_223.jpg;-3.004936;1;0;3.218064;104.0166;91.66261;0.4238578;35.68303;359.291
/home/alex/projects/RoboND-Rover-Project/dataset/IMG/robocam_2017_05_30_10_00_04_289.jpg;-6.004769;1;0;3.269021;104.1796;91.77579;0.5658542;35.10281;359.3533
/home/alex/projects/RoboND-Rover-Project/dataset/IMG/robocam_2017_05_30_10_00_04_356.jpg;-9.001095;1;0;3.306643;104.4025;91.92267;0.6890984;33.67226;359.4132
/home/alex/projects/RoboND-Rover-Project/dataset/IMG/robocam_2017_05_30_10_00_04_423.jpg;-12.00863;1;0;3.344399;104.5743;92.02763;0.7021492;32.08818;359.416
/home/alex/projects/RoboND-Rover-Project/dataset/IMG/robocam_2017_05_30_10_00_04_489.jpg;-15;1;0;3.391045;104.7505;92.12648;0.6416762;30.09264;359.3554
/home/alex/projects/RoboND-Rover-Project/dataset/IMG/robocam_2017_05_30_10_00_04_556.jpg;-15;1;0;3.425076;104.9921;92.24795;0.4371478;27.05568;359.1876
/home/alex/projects/RoboND-Rover-Project/dataset/IMG/robocam_2017_05_30_10_00_04_623.jpg;-15;1;0;3.45965;105.178;92.33121;0.2093678;24.73194;358.9991
/home/alex/projects/RoboND-Rover-Project/dataset/IMG/robocam_2017_05_30_10_00_04_690.jpg;-15;1;0;3.5039;105.3678;92.40791;359.9324;22.46137;358.778
/home/alex/projects/RoboND-Rover-Project/dataset/IMG/robocam_2017_05_30_10_00_04_757.jpg;-11.99733;1;0;3.527352;105.6303;92.50745;359.8811;20.0501;358.7103
/home/alex/projects/RoboND-Rover-Project/dataset/IMG/robocam_2017_05_30_10_00_04_823.jpg;-8.998573;1;0;3.55372;105.8344;92.57887;0.03970747;18.57806;358.8182
/home/alex/projects/RoboND-Rover-Project/dataset/IMG/robocam_2017_05_30_10_00_04_890.jpg;-5.993249;1;0;3.614316;106.0412;92.64543;0.09157036;17.19176;358.9607
/home/alex/projects/RoboND-Rover-Project/dataset/IMG/robocam_2017_05_30_10_00_04_957.jpg;-2.991613;1;0;3.65446;106.3229;92.72813;0.1501952;16.02406;359.0811
/home/alex/projects/RoboND-Rover-Project/dataset/IMG/robocam_2017_05_30_10_00_05_023.jpg;0;1;0;3.692972;106.5381;92.78935;0.2402706;15.66405;359.1624
/home/alex/projects/RoboND-Rover-Project/dataset/IMG/robocam_2017_05_30_10_00_05_090.jpg;0;1;0;3.742688;106.7564;92.8511;0.3719934;15.56597;359.2562
/home/alex/projects/RoboND-Rover-Project/dataset/IMG/robocam_2017_05_30_10_00_05_157.jpg;0;1;0;3.779445;107.0515;92.93433;0.5873036;15.55141;359.4112
/home/alex/projects/RoboND-Rover-Project/dataset/IMG/robocam_2017_05_30_10_00_05_224.jpg;0;1;0;3.816981;107.2758;92.99754;0.7687923;15.5651;359.5484
/home/alex/projects/RoboND-Rover-Project/dataset/IMG/robocam_2017_05_30_10_00_05_290.jpg;0;1;0;3.867153;107.5025;93.06147;0.9684556;15.59019;359.6932
/home/alex/projects/RoboND-Rover-Project/dataset/IMG/robocam_2017_05_30_10_00_05_357.jpg;0;1;0;3.904337;107.8083;93.148;1.247545;15.63161;359.8969
/home/alex/projects/RoboND-Rover-Project/dataset/IMG/robocam_2017_05_30_10_00_05_423.jpg;0;1;0;3.941702;108.04;93.21306;1.441464;15.64875;0.005727911
/home/alex/projects/RoboND-Rover-Project/dataset/IMG/robocam_2017_05_30_10_00_05_490.jpg;0;1;0;3.992729;108.2718;93.27669;1.4778;15.65024;0.004118052
/home/alex/projects/RoboND-Rover-Project/dataset/IMG/robocam_2017_05_30_10_00_05_557.jpg;0;1;0;4.035615;108.5827;93.36378;1.443109;15.68336;0.002084616
/home/alex/projects/RoboND-Rover-Project/dataset/IMG/robocam_2017_05_30_10_00_05_624.jpg;0;1;0;4.072662;108.8186;93.43055;1.43903;15.70208;0.001929069
/home/alex/projects/RoboND-Rover-Project/dataset/IMG/robocam_2017_05_30_10_00_05_690.jpg;0;1;0;4.121798;109.0569;93.49827;1.451575;15.72215;0.001656479
/home/alex/projects/RoboND-Rover-Project/dataset/IMG/robocam_2017_05_30_10_00_05_757.jpg;0;1;0;4.158176;109.3777;93.58987;1.465578;15.75199;0.001982471
/home/alex/projects/RoboND-Rover-Project/dataset/IMG/robocam_2017_05_30_10_00_05_824.jpg;0;1;0;4.195824;109.6206;93.65945;1.466228;15.76968;0.00134097
/home/alex/projects/RoboND-Rover-Project/dataset/IMG/robocam_2017_05_30_10_00_05_890.jpg;0;1;0;4.245498;109.8657;93.7298;1.470618;15.79218;0.001318073
/home/alex/projects/RoboND-Rover-Project/dataset/IMG/robocam_2017_05_30_10_00_05_957.jpg;0;1;0;4.282184;110.1956;93.82471;1.47528;15.82407;0.001437111
/home/alex/projects/RoboND-Rover-Project/dataset/IMG/robocam_2017_05_30_10_00_06_024.jpg;0;1;0;4.318405;110.4455;93.89674;1.478419;15.84768;0.001354963
/home/alex/projects/RoboND-Rover-Project/dataset/IMG/robocam_2017_05_30_10_00_06_090.jpg;0;1;0;4.36754;110.6975;93.96947;1.479119;15.87333;0.001843591
/home/alex/projects/RoboND-Rover-Project/dataset/IMG/robocam_2017_05_30_10_00_06_157.jpg;0;1;0;4.403827;111.0367;94.06757;1.484091;15.90598;0.001470851
/home/alex/projects/RoboND-Rover-Project/dataset/IMG/robocam_2017_05_30_10_00_06_224.jpg;0;1;0;4.439995;111.2935;94.14198;1.488862;15.93203;0.001485908
/home/alex/projects/RoboND-Rover-Project/dataset/IMG/robocam_2017_05_30_10_00_06_290.jpg;2.997811;1;0;4.488135;111.5521;94.21783;1.491724;16.0927;0.0002710583
/home/alex/projects/RoboND-Rover-Project/dataset/IMG/robocam_2017_05_30_10_00_06_357.jpg;5.996792;1;0;4.523667;111.8989;94.32353;1.493544;16.80353;-0.0008269473
/home/alex/projects/RoboND-Rover-Project/dataset/IMG/robocam_2017_05_30_10_00_06_424.jpg;9.000992;1;0;4.557791;112.1598;94.40729;1.476922;17.75613;-0.00122317
/home/alex/projects/RoboND-Rover-Project/dataset/IMG/robocam_2017_05_30_10_00_06_490.jpg;11.99799;1;0;4.60277;112.4202;94.49706;1.427817;19.09893;0.05843115
/home/alex/projects/RoboND-Rover-Project/dataset/IMG/robocam_2017_05_30_10_00_06_557.jpg;14.99872;1;0;4.6322;112.7634;94.62796;1.20581;21.60792;0.2419877
/home/alex/projects/RoboND-Rover-Project/dataset/IMG/robocam_2017_05_30_10_00_06_624.jpg;15;1;0;4.665064;113.0168;94.73574;0.9195572;23.7978;0.4653423
/home/alex/projects/RoboND-Rover-Project/dataset/IMG/robocam_2017_05_30_10_00_06_690.jpg;15;1;0;4.703996;113.2661;94.85258;0.5498585;26.04603;0.7747678
/home/alex/projects/RoboND-Rover-Project/dataset/IMG/robocam_2017_05_30_10_00_06_757.jpg;15;1;0;4.729608;113.5914;95.0218;359.9225;29.0318;1.272459
/home/alex/projects/RoboND-Rover-Project/dataset/IMG/robocam_2017_05_30_10_00_06_824.jpg;15;1;0;4.752548;113.8369;95.15742;359.6996;30.91663;1.46971
/home/alex/projects/RoboND-Rover-Project/dataset/IMG/robocam_2017_05_30_10_00_06_890.jpg;15;1;0;4.755683;114.0821;95.30109;359.6833;32.68382;1.542311
/home/alex/projects/RoboND-Rover-Project/dataset/IMG/robocam_2017_05_30_10_00_06_957.jpg;15;1;0;4.757551;114.4075;95.50698;-0.001596877;35.08011;1.400011
/home/alex/projects/RoboND-Rover-Project/dataset/IMG/robocam_2017_05_30_10_00_07_024.jpg;13.50033;1;0;4.778749;114.6446;95.66937;0.06305806;37.14384;1.123995
/home/alex/projects/RoboND-Rover-Project/dataset/IMG/robocam_2017_05_30_10_00_07_090.jpg;10.50009;1;0;4.844431;114.8746;95.84661;0.0921604;39.3533;1.052003
/home/alex/projects/RoboND-Rover-Project/dataset/IMG/robocam_2017_05_30_10_00_07_157.jpg;7.50012;1;0;4.874345;115.1723;96.0965;0.03862325;41.49422;1.144026
/home/alex/projects/RoboND-Rover-Project/dataset/IMG/robocam_2017_05_30_10_00_07_224.jpg;4.497001;1;0;4.905094;115.3935;96.28994;-0.0003511678;42.57798;1.152071
/home/alex/projects/RoboND-Rover-Project/dataset/IMG/robocam_2017_05_30_10_00_07_290.jpg;1.497661;1;0;4.947429;115.6138;96.4888;0.003915939;43.23493;1.115756
/home/alex/projects/RoboND-Rover-Project/dataset/IMG/robocam_2017_05_30_10_00_07_357.jpg;4.494659;1;0;4.981498;115.9053;96.76138;0.03021985;43.90564;1.07072
/home/alex/projects/RoboND-Rover-Project/dataset/IMG/robocam_2017_05_30_10_00_07_424.jpg;7.499535;1;0;5.01075;116.1209;96.97096;0.0456985;44.61982;1.063784
/home/alex/projects/RoboND-Rover-Project/dataset/IMG/robocam_2017_05_30_10_00_07_490.jpg;10.49672;1;0;5.010644;116.3321;97.18431;0.0391841;45.66757;1.086114
/home/alex/projects/RoboND-Rover-Project/dataset/IMG/robocam_2017_05_30_10_00_07_557.jpg;13.49502;1;0;5.010383;116.6056;97.47572;0.01116821;47.58334;1.159739
/home/alex/projects/RoboND-Rover-Project/dataset/IMG/robocam_2017_05_30_10_00_07_623.jpg;15;1;0;5.0084;116.8049;97.69964;0.007204516;49.31687;1.165889
/home/alex/projects/RoboND-Rover-Project/dataset/IMG/robocam_2017_05_30_10_00_07_690.jpg;15;1;0;5.009341;116.9977;97.92917;-0.001384127;51.22353;1.158945
/home/alex/projects/RoboND-Rover-Project/dataset/IMG/robocam_2017_05_30_10_00_07_757.jpg;13.50519;1;0;5.007755;117.2436;98.24476;0.01306687;53.76706;1.164375
/home/alex/projects/RoboND-Rover-Project/dataset/IMG/robocam_2017_05_30_10_00_07_824.jpg;10.50707;1;0;5.009004;117.4201;98.48731;0.01193111;55.46987;1.148952
/home/alex/projects/RoboND-Rover-Project/dataset/IMG/robocam_2017_05_30_10_00_07_890.jpg;7.499895;1;0;5.010524;117.5901;98.7346;0.009110992;56.8997;1.140426
/home/alex/projects/RoboND-Rover-Project/dataset/IMG/robocam_2017_05_30_10_00_07_957.jpg;4.505506;1;0;5.01159;117.809;99.06985;0.005890024;58.25577;1.101963
/home/alex/projects/RoboND-Rover-Project/dataset/IMG/robocam_2017_05_30_10_00_08_024.jpg;1.505085;1;0;5.010778;117.9687;99.3247;0.02140285;58.85028;1.064669
/home/alex/projects/RoboND-Rover-Project/dataset/IMG/robocam_2017_05_30_10_00_08_090.jpg;0;1;0;5.012068;118.1264;99.58121;0.04829358;59.10822;1.013495
/home/alex/projects/RoboND-Rover-Project/dataset/IMG/robocam_2017_05_30_10_00_08_157.jpg;0;1;0;5.012067;118.3347;99.92542;0.1291599;59.21988;0.9400861
/home/alex/projects/RoboND-Rover-Project/dataset/IMG/robocam_2017_05_30_10_00_08_224.jpg;0;1;0;5.012072;118.4904;100.1851;0.2483186;59.24181;0.8811946
/home/alex/projects/RoboND-Rover-Project/dataset/IMG/robocam_2017_05_30_10_00_08_290.jpg;0;1;0;5.005715;118.6463;100.4454;0.3980888;59.25056;0.7936156
/home/alex/projects/RoboND-Rover-Project/dataset/IMG/robocam_2017_05_30_10_00_08_357.jpg;0;1;0;5.01699;118.8542;100.7925;0.6070723;59.24169;0.6261949
/home/alex/projects/RoboND-Rover-Project/dataset/IMG/robocam_2017_05_30_10_00_08_424.jpg;-3.002221;1;0;5.006897;119.0113;101.0522;0.7724831;59.0621;0.4512685
/home/alex/projects/RoboND-Rover-Project/dataset/IMG/robocam_2017_05_30_10_00_08_490.jpg;-6.002551;1;0;5.008592;119.1711;101.3112;0.9709308;58.56645;0.2291673
/home/alex/projects/RoboND-Rover-Project/dataset/IMG/robocam_2017_05_30_10_00_08_557.jpg;-9.000855;1;0;5.013729;119.389;101.653;1.225479;57.35785;359.8902
/home/alex/projects/RoboND-Rover-Project/dataset/IMG/robocam_2017_05_30_10_00_08_623.jpg;-12.0006;1;0;5.010431;119.5552;101.9048;1.292032;56.04475;359.6826
/home/alex/projects/RoboND-Rover-Project/dataset/IMG/robocam_2017_05_30_10_00_08_690.jpg;-15;1;0;5.008249;119.7244;102.1501;1.158738;54.2659;359.5253
/home/alex/projects/RoboND-Rover-Project/dataset/IMG/robocam_2017_05_30_10_00_08_757.jpg;-15;1;0;5.007195;119.9586;102.4644;0.691351;51.39498;359.2841
/home/alex/projects/RoboND-Rover-Project/dataset/IMG/robocam_2017_05_30_10_00_08_824.jpg;-15;1;0;5.006309;120.1441;102.6903;0.2339115;49.08677;358.981
/home/alex/projects/RoboND-Rover-Project/dataset/IMG/robocam_2017_05_30_10_00_08_890.jpg;-15;1;0;5.004866;120.3372;102.9098;359.8219;47.00662;358.6521
/home/alex/projects/RoboND-Rover-Project/dataset/IMG/robocam_2017_05_30_10_00_08_957.jpg;-15;1;0;5.000657;120.6056;103.2015;359.6776;44.68739;358.4984
/home/alex/projects/RoboND-Rover-Project/dataset/IMG/robocam_2017_05_30_10_00_09_023.jpg;-15;1;0;5.0006;120.8167;103.4168;359.8091;43.00084;358.5274
/home/alex/projects/RoboND-Rover-Project/dataset/IMG/robocam_2017_05_30_10_00_09_090.jpg;-15;1;0;5.000969;121.036;103.6272;0.04653358;41.10789;358.7099
/home/alex/projects/RoboND-Rover-Project/dataset/IMG/robocam_2017_05_30_10_00_09_157.jpg;-15;1;0;5.007065;121.3386;103.89;0.08878841;38.02098;358.9196
/home/alex/projects/RoboND-Rover-Project/dataset/IMG/robocam_2017_05_30_10_00_09_223.jpg;-15;1;0;5.009847;121.5763;104.0708;0.0321687;35.64677;358.812
/home/alex/projects/RoboND-Rover-Project/dataset/IMG/robocam_2017_05_30_10_00_09_290.jpg;-15;1;0;5.010173;121.8189;104.2444;359.9599;33.541;358.7545
/home/alex/projects/RoboND-Rover-Project/dataset/IMG/robocam_2017_05_30_10_00_09_357.jpg;-15;1;0;5.002589;122.1535;104.4643;0.01422937;30.94296;358.7458
/home/alex/projects/RoboND-Rover-Project/dataset/IMG/robocam_2017_05_30_10_00_09_424.jpg;-15;1;0;5.001676;122.4096;104.6211;0.02903364;29.04417;358.8738
/home/alex/projects/RoboND-Rover-Project/dataset/IMG/robocam_2017_05_30_10_00_09_490.jpg;-15;1;0;5.008096;122.673;104.764;0.02110411;26.88221;358.828
/home/alex/projects/RoboND-Rover-Project/dataset/IMG/robocam_2017_05_30_10_00_09_557.jpg;-15;1;0;5.008913;123.0316;104.9405;0.02373107;24.15992;358.761
/home/alex/projects/RoboND-Rover-Project/dataset/IMG/robocam_2017_05_30_10_00_09_624.jpg;-15;1;0;5.004017;123.3042;105.0634;-0.003995928;22.26293;358.7813
/home/alex/projects/RoboND-Rover-Project/dataset/IMG/robocam_2017_05_30_10_00_09_690.jpg;-13.50092;1;0;5.021257;123.5819;105.1782;0.02313305;20.30189;358.8692
/home/alex/projects/RoboND-Rover-Project/dataset/IMG/robocam_2017_05_30_10_00_09_757.jpg;-10.50077;1;0;5.009312;123.958;105.3134;0.007501362;17.93327;358.8335
/home/alex/projects/RoboND-Rover-Project/dataset/IMG/robocam_2017_05_30_10_00_09_824.jpg;-7.500302;1;0;5.010298;124.2435;105.4068;0.02332782;16.55147;358.8412
/home/alex/projects/RoboND-Rover-Project/dataset/IMG/robocam_2017_05_30_10_00_09_890.jpg;-4.495246;1;0;5.008307;124.5306;105.4937;0.003983281;15.51604;358.8578
/home/alex/projects/RoboND-Rover-Project/dataset/IMG/robocam_2017_05_30_10_00_09_957.jpg;-1.501397;1;0;5.012067;124.9163;105.603;0.0166147;14.70169;358.921
/home/alex/projects/RoboND-Rover-Project/dataset/IMG/robocam_2017_05_30_10_00_10_024.jpg;0;1;0;5.010476;125.2071;105.6816;0.05302357;14.46374;358.9714
/home/alex/projects/RoboND-Rover-Project/dataset/IMG/robocam_2017_05_30_10_00_10_090.jpg;0;1;0;5.011667;125.4986;105.7588;0.1035428;14.37466;359.0392
/home/alex/projects/RoboND-Rover-Project/dataset/IMG/robocam_2017_05_30_10_00_10_157.jpg;0;1;0;5.017698;125.8893;105.8602;0.2529537;14.33279;359.1277
/home/alex/projects/RoboND-Rover-Project/dataset/IMG/robocam_2017_05_30_10_00_10_224.jpg;0;1;0;5.005934;126.1827;105.936;0.391298;14.33605;359.2244
/home/alex/projects/RoboND-Rover-Project/dataset/IMG/robocam_2017_05_30_10_00_10_290.jpg;0;1;0;5.005972;126.4768;106.0119;0.5581706;14.33559;359.3419
/home/alex/projects/RoboND-Rover-Project/dataset/IMG/robocam_2017_05_30_10_00_10_357.jpg;0;1;0;5.016407;126.8689;106.1132;0.7901908;14.35349;359.5333
/home/alex/projects/RoboND-Rover-Project/dataset/IMG/robocam_2017_05_30_10_00_10_424.jpg;0;1;0;5.008795;127.1632;106.1893;0.9794473;14.37959;359.6851
/home/alex/projects/RoboND-Rover-Project/dataset/IMG/robocam_2017_05_30_10_00_10_490.jpg;0;1;0;5.006872;127.458;106.2657;1.191044;14.40705;359.8372
/home/alex/projects/RoboND-Rover-Project/dataset/IMG/robocam_2017_05_30_10_00_10_557.jpg;-1.502911;0.7996869;0;5.021313;127.8503;106.3669;1.444077;14.40783;0.005304099
/home/alex/projects/RoboND-Rover-Project/dataset/IMG/robocam_2017_05_30_10_00_10_624.jpg;-4.499867;0.5998899;0;5.010468;128.1436;106.4392;1.53721;14.07358;0.01103361
/home/alex/projects/RoboND-Rover-Project/dataset/IMG/robocam_2017_05_30_10_00_10_690.jpg;-7.499746;0.3998979;0;5.024953;128.4324;106.5083;1.355587;13.43542;0.002463773
/home/alex/projects/RoboND-Rover-Project/dataset/IMG/robocam_2017_05_30_10_00_10_757.jpg;-10.50201;0.1997468;0;4.987546;128.8176;106.5923;1.084177;12.06538;359.8513
/home/alex/projects/RoboND-Rover-Project/dataset/IMG/robocam_2017_05_30_10_00_10_824.jpg;-13.50018;0;0;4.978864;129.1061;106.647;0.8131295;10.63544;359.5924
/home/alex/projects/RoboND-Rover-Project/dataset/IMG/robocam_2017_05_30_10_00_10_890.jpg;-15;0;0;4.952082;129.3934;106.6929;0.473816;8.889999;359.2058
/home/alex/projects/RoboND-Rover-Project/dataset/IMG/robocam_2017_05_30_10_00_10_957.jpg;-15;0;0;4.932151;129.7733;106.7434;359.8928;6.280586;358.7039
/home/alex/projects/RoboND-Rover-Project/dataset/IMG/robocam_2017_05_30_10_00_11_024.jpg;-15;0;0;4.913582;130.0605;106.7766;359.6405;4.331726;358.5468
/home/alex/projects/RoboND-Rover-Project/dataset/IMG/robocam_2017_05_30_10_00_11_090.jpg;-15;0;0;4.883312;130.351;106.8033;359.6198;2.34948;358.5936
/home/alex/projects/RoboND-Rover-Project/dataset/IMG/robocam_2017_05_30_10_00_11_157.jpg;-15;0;0;4.857411;130.7407;106.8229;359.807;359.687;358.7572
/home/alex/projects/RoboND-Rover-Project/dataset/IMG/robocam_2017_05_30_10_00_11_224.jpg;-15;0;0;4.818929;131.032;106.8218;0.03425372;357.8989;358.8287
/home/alex/projects/RoboND-Rover-Project/dataset/IMG/robocam_2017_05_30_10_00_11_290.jpg;-15;0;0;4.7662;131.3164;106.8081;0.006994861;355.9599;358.8323
/home/alex/projects/RoboND-Rover-Project/dataset/IMG/robocam_2017_05_30_10_00_11_357.jpg;-15;0;0;4.743968;131.6927;106.7737;359.9886;353.2608;358.7546
/home/alex/projects/RoboND-Rover-Project/dataset/IMG/robocam_2017_05_30_10_00_11_424.jpg;-11.99967;0;0.100065;4.717031;131.9725;106.7386;359.9934;351.3543;358.7412
/home/alex/projects/RoboND-Rover-Project/dataset/IMG/robocam_2017_05_30_10_00_11_490.jpg;-9.001588;0;0.2999371;4.653875;132.248;106.6969;359.97;349.6617;358.7855
/home/alex/projects/RoboND-Rover-Project/dataset/IMG/robocam_2017_05_30_10_00_11_557.jpg;-5.994958;0;0.5003791;4.582158;132.6032;106.6317;359.8232;348.0756;358.8513
/home/alex/projects/RoboND-Rover-Project/dataset/IMG/robocam_2017_05_30_10_00_11_624.jpg;-3.003718;0;0.6997951;4.453214;132.8595;106.5798;359.643;347.3286;358.9865
/home/alex/projects/RoboND-Rover-Project/dataset/IMG/robocam_2017_05_30_10_00_11_690.jpg;0;0;0.90009;4.284745;133.1066;106.5266;359.4026;346.6918;359.1776
/home/alex/projects/RoboND-Rover-Project/dataset/IMG/robocam_2017_05_30_10_00_11_757.jpg;0;0;1;4.128901;133.4194;106.4561;358.9862;346.0036;359.5952
/home/alex/projects/RoboND-Rover-Project/dataset/IMG/robocam_2017_05_30_10_00_11_824.jpg;0;0;1;3.962445;133.641;106.4034;358.5975;345.6078;359.983
/home/alex/projects/RoboND-Rover-Project/dataset/IMG/robocam_2017_05_30_10_00_11_890.jpg;0;0;1;3.755564;133.8546;106.3457;358.3248;345.6215;0.0914453
/home/alex/projects/RoboND-Rover-Project/dataset/IMG/robocam_2017_05_30_10_00_11_957.jpg;0;0;1;3.6352;134.1309;106.2685;358.1716;345.2931;359.969
/home/alex/projects/RoboND-Rover-Project/dataset/IMG/robocam_2017_05_30_10_00_12_024.jpg;0;0;1;3.513961;134.335;106.2144;358.3164;345.0137;0.01708856
/home/alex/projects/RoboND-Rover-Project/dataset/IMG/robocam_2017_05_30_10_00_12_090.jpg;0;0;1;3.35939;134.5348;106.1594;358.6449;344.8063;359.9857
/home/alex/projects/RoboND-Rover-Project/dataset/IMG/robocam_2017_05_30_10_00_12_157.jpg;0;0;1;3.183815;134.7785;106.0934;358.8093;344.7149;0.004922268
/home/alex/projects/RoboND-Rover-Project/dataset/IMG/robocam_2017_05_30_10_00_12_224.jpg;0;0;1;2.950364;134.9413;106.049;358.6126;344.6913;0.005760338
/home/alex/projects/RoboND-Rover-Project/dataset/IMG/robocam_2017_05_30_10_00_12_290.jpg;0;0;1;2.704607;135.0943;106.0074;358.3882;344.6796;0.007389986
/home/alex/projects/RoboND-Rover-Project/dataset/IMG/robocam_2017_05_30_10_00_12_357.jpg;0;0;1;2.586483;135.2924;105.9528;358.3873;344.6575;359.9745
/home/alex/projects/RoboND-Rover-Project/dataset/IMG/robocam_2017_05_30_10_00_12_424.jpg;0;0;1;2.468704;135.4376;105.9139;358.6396;344.6469;0.003208959
/home/alex/projects/RoboND-Rover-Project/dataset/IMG/robocam_2017_05_30_10_00_12_490.jpg;0;0;1;2.254264;135.5687;105.8782;358.7464;344.633;0.001484481
/home/alex/projects/RoboND-Rover-Project/dataset/IMG/robocam_2017_05_30_10_00_12_557.jpg;0;0;1;2.039703;135.7238;105.8361;358.6773;344.6512;0.004615236
/home/alex/projects/RoboND-Rover-Project/dataset/IMG/robocam_2017_05_30_10_00_12_624.jpg;0;0;1;1.893694;135.83;105.8071;358.6417;344.659;0.002111282
/home/alex/projects/RoboND-Rover-Project/dataset/IMG/robocam_2017_05_30_10_00_12_690.jpg;0;0;1;1.713632;135.9288;105.7803;358.6799;344.7025;0.004739755
/home/alex/projects/RoboND-Rover-Project/dataset/IMG/robocam_2017_05_30_10_00_12_757.jpg;0;0;1;1.50397;136.0431;105.7495;358.6138;344.7181;0.005473383
/home/alex/projects/RoboND-Rover-Project/dataset/IMG/robocam_2017_05_30_10_00_12_824.jpg;0;0;1;1.380813;136.1214;105.7283;358.6629;344.7224;0.0007351391
/home/alex/projects/RoboND-Rover-Project/dataset/IMG/robocam_2017_05_30_10_00_12_890.jpg;0;0;1;1.18365;136.1882;105.7104;358.6483;344.6661;0.003570515
/home/alex/projects/RoboND-Rover-Project/dataset/IMG/robocam_2017_05_30_10_00_12_957.jpg;0;0;1;0.9820052;136.2622;105.6905;358.5878;344.5464;0.005071942
/home/alex/projects/RoboND-Rover-Project/dataset/IMG/robocam_2017_05_30_10_00_13_024.jpg;0;0;1;0.8556736;136.3066;105.6777;358.5565;344.2468;359.9842
/home/alex/projects/RoboND-Rover-Project/dataset/IMG/robocam_2017_05_30_10_00_13_090.jpg;0;0;0;0.58179;136.3407;105.6673;358.5587;343.8622;0.002777938
/home/alex/projects/RoboND-Rover-Project/dataset/IMG/robocam_2017_05_30_10_00_13_157.jpg;0;0;0;0.5433149;136.3879;105.6528;358.8837;343.6986;0.003433728
/home/alex/projects/RoboND-Rover-Project/dataset/IMG/robocam_2017_05_30_10_00_13_224.jpg;0;0;0;0.5376375;136.4238;105.6425;359.1833;343.6985;-0.003796236
/home/alex/projects/RoboND-Rover-Project/dataset/IMG/robocam_2017_05_30_10_00_13_290.jpg;0;0;0;0.5345021;136.4594;105.6321;359.4701;343.6985;359.9882
/home/alex/projects/RoboND-Rover-Project/dataset/IMG/robocam_2017_05_30_10_00_13_357.jpg;0;0;0;0.5327048;136.5061;105.6184;359.8183;343.6985;359.979
/home/alex/projects/RoboND-Rover-Project/dataset/IMG/robocam_2017_05_30_10_00_13_424.jpg;0;0;0;0.5310197;136.5405;105.6084;0.0470418;343.6985;359.9732
/home/alex/projects/RoboND-Rover-Project/dataset/IMG/robocam_2017_05_30_10_00_13_490.jpg;0;0;0;0.5289211;136.5743;105.5985;0.2439921;343.6985;359.9686
/home/alex/projects/RoboND-Rover-Project/dataset/IMG/robocam_2017_05_30_10_00_13_557.jpg;0;0;0;0.5274359;136.6183;105.5857;0.4534546;343.6985;359.964
/home/alex/projects/RoboND-Rover-Project/dataset/IMG/robocam_2017_05_30_10_00_13_624.jpg;0;0;0;0.5260072;136.6504;105.5764;0.5623562;343.7012;359.9691
/home/alex/projects/RoboND-Rover-Project/dataset/IMG/robocam_2017_05_30_10_00_13_690.jpg;0;0;0;0.5244842;136.6818;105.5673;0.628614;343.7043;359.9813
/home/alex/projects/RoboND-Rover-Project/dataset/IMG/robocam_2017_05_30_10_00_13_757.jpg;0;0;0;0.5232067;136.7226;105.5555;0.6654223;343.7077;-0.0003772333
/home/alex/projects/RoboND-Rover-Project/dataset/IMG/robocam_2017_05_30_10_00_13_824.jpg;0;0;0;0.5218959;136.7525;105.5467;0.6593238;343.7054;0.0018336
/home/alex/projects/RoboND-Rover-Project/dataset/IMG/robocam_2017_05_30_10_00_13_890.jpg;0;0;0;0.5200214;136.782;105.538;0.6306559;343.7036;0.004179261
/home/alex/projects/RoboND-Rover-Project/dataset/IMG/robocam_2017_05_30_10_00_13_957.jpg;0;0;0;0.5185768;136.8206;105.5266;0.5655483;343.7024;0.009629888
/home/alex/projects/RoboND-Rover-Project/dataset/IMG/robocam_2017_05_30_10_00_14_024.jpg;0;0;0;0.5171066;136.8493;105.5182;0.5006561;343.7024;0.01490751
